Александров Александр Александрович,19279.0
Александров Александр Алексеевич,111877.0
Александров Александр Васильевич,121425.0
Александров Александр Дмитриевич,47073.0
Александров Александр Иванович,98888.0
Александров Александр Львович,148442.0
Александров Александр Михайлович,15649.0
Александров Александр Петрович,182105.0
Александров Александр Сергеевич,96641.0
Александров Александр Сидорович,167797.0
Александров Алексей Александрович,127967.0
Александров Алексей Алексеевич,94641.0
Александров Алексей Васильевич,41936.0
Александров Алексей Дмитриевич,101150.0
Александров Алексей Иванович,108854.0
Александров Алексей Львович,159123.0
Александров Алексей Михайлович,87990.0
Александров Алексей Петрович,79898.0
Александров Алексей Сергеевич,115746.0
Александров Алексей Сидорович,102474.0
Александров Василий Александрович,176610.0
Александров Василий Алексеевич,10140.0
Александров Василий Васильевич,51348.0
Александров Василий Дмитриевич,193630.0
Александров Василий Иванович,41592.0
Александров Василий Львович,161129.0
Александров Василий Михайлович,193291.0
Александров Василий Петрович,62088.0
Александров Василий Сергеевич,28040.0
Александров Василий Сидорович,170531.0
Александров Дмитрий Александрович,128011.0
Александров Дмитрий Алексеевич,168375.0
Александров Дмитрий Васильевич,126134.0
Александров Дмитрий Дмитриевич,113707.0
Александров Дмитрий Иванович,182487.0
Александров Дмитрий Львович,139034.0
Александров Дмитрий Михайлович,108259.0
Александров Дмитрий Петрович,56195.0
Александров Дмитрий Сергеевич,28668.0
Александров Дмитрий Сидорович,26131.0
Александров Иван Александрович,118890.0
Александров Иван Алексеевич,50178.0
Александров Иван Васильевич,179724.0
Александров Иван Дмитриевич,32259.0
Александров Иван Иванович,45837.0
Александров Иван Львович,23785.0
Александров Иван Михайлович,126469.0
Александров Иван Петрович,42865.0
Александров Иван Сергеевич,84836.0
Александров Иван Сидорович,79879.0
Александров Лев Александрович,135047.0
Александров Лев Алексеевич,96521.0
Александров Лев Васильевич,19369.0
Александров Лев Дмитриевич,96632.0
Александров Лев Иванович,63673.0
Александров Лев Львович,61734.0
Александров Лев Михайлович,126449.0
Александров Лев Петрович,69261.0
Александров Лев Сергеевич,52193.0
Александров Лев Сидорович,55533.0
Александров Михаил Александрович,184373.0
Александров Михаил Алексеевич,83305.0
Александров Михаил Васильевич,87131.0
Александров Михаил Дмитриевич,39976.0
Александров Михаил Иванович,194971.0
Александров Михаил Львович,58615.0
Александров Михаил Михайлович,155441.0
Александров Михаил Петрович,49435.0
Александров Михаил Сергеевич,143827.0
Александров Михаил Сидорович,198240.0
Александров Петр Александрович,143212.0
Александров Петр Алексеевич,42215.0
Александров Петр Васильевич,146522.0
Александров Петр Дмитриевич,187677.0
Александров Петр Иванович,147868.0
Александров Петр Львович,78514.0
Александров Петр Михайлович,189119.0
Александров Петр Петрович,143475.0
Александров Петр Сергеевич,173626.0
Александров Петр Сидорович,87848.0
Александров Сергей Александрович,167078.0
Александров Сергей Алексеевич,54573.0
Александров Сергей Васильевич,94215.0
Александров Сергей Дмитриевич,56785.0
Александров Сергей Иванович,194472.0
Александров Сергей Львович,46653.0
Александров Сергей Михайлович,147692.0
Александров Сергей Петрович,29540.0
Александров Сергей Сергеевич,173393.0
Александров Сергей Сидорович,81625.0
Александров Сидор Александрович,180193.0
Александров Сидор Алексеевич,16745.0
Александров Сидор Васильевич,132050.0
Александров Сидор Дмитриевич,161591.0
Александров Сидор Иванович,115938.0
Александров Сидор Львович,100987.0
Александров Сидор Михайлович,25275.0
Александров Сидор Петрович,114620.0
Александров Сидор Сергеевич,96009.0
Александров Сидор Сидорович,19927.0
Алексеев Александр Александрович,106923.0
Алексеев Александр Алексеевич,182964.0
Алексеев Александр Васильевич,119073.0
Алексеев Александр Дмитриевич,113875.0
Алексеев Александр Иванович,112956.0
Алексеев Александр Львович,194943.0
Алексеев Александр Михайлович,98408.0
Алексеев Александр Петрович,133119.0
Алексеев Александр Сергеевич,197277.0
Алексеев Александр Сидорович,20058.0
Алексеев Алексей Александрович,126858.0
Алексеев Алексей Алексеевич,150997.0
Алексеев Алексей Васильевич,85860.0
Алексеев Алексей Дмитриевич,69636.0
Алексеев Алексей Иванович,17757.0
Алексеев Алексей Львович,58913.0
Алексеев Алексей Михайлович,192892.0
Алексеев Алексей Петрович,118427.0
Алексеев Алексей Сергеевич,154050.0
Алексеев Алексей Сидорович,111822.0
Алексеев Василий Александрович,22940.0
Алексеев Василий Алексеевич,51396.0
Алексеев Василий Васильевич,28694.0
Алексеев Василий Дмитриевич,140358.0
Алексеев Василий Иванович,143727.0
Алексеев Василий Львович,86478.0
Алексеев Василий Михайлович,11098.0
Алексеев Василий Петрович,46752.0
Алексеев Василий Сергеевич,153033.0
Алексеев Василий Сидорович,67455.0
Алексеев Дмитрий Александрович,57950.0
Алексеев Дмитрий Алексеевич,130818.0
Алексеев Дмитрий Васильевич,139592.0
Алексеев Дмитрий Дмитриевич,69961.0
Алексеев Дмитрий Иванович,62544.0
Алексеев Дмитрий Львович,153225.0
Алексеев Дмитрий Михайлович,88913.0
Алексеев Дмитрий Петрович,198205.0
Алексеев Дмитрий Сергеевич,113490.0
Алексеев Дмитрий Сидорович,39159.0
Алексеев Иван Александрович,120480.0
Алексеев Иван Алексеевич,39696.0
Алексеев Иван Васильевич,36877.0
Алексеев Иван Дмитриевич,140673.0
Алексеев Иван Иванович,17097.0
Алексеев Иван Львович,199640.0
Алексеев Иван Михайлович,39435.0
Алексеев Иван Петрович,39788.0
Алексеев Иван Сергеевич,117078.0
Алексеев Иван Сидорович,32267.0
Алексеев Лев Александрович,199676.0
Алексеев Лев Алексеевич,180073.0
Алексеев Лев Васильевич,95811.0
Алексеев Лев Дмитриевич,116906.0
Алексеев Лев Иванович,158605.0
Алексеев Лев Львович,96374.0
Алексеев Лев Михайлович,144596.0
Алексеев Лев Петрович,76675.0
Алексеев Лев Сергеевич,97822.0
Алексеев Лев Сидорович,161366.0
Алексеев Михаил Александрович,106762.0
Алексеев Михаил Алексеевич,145639.0
Алексеев Михаил Васильевич,183709.0
Алексеев Михаил Дмитриевич,164160.0
Алексеев Михаил Иванович,36543.0
Алексеев Михаил Львович,23892.0
Алексеев Михаил Михайлович,173477.0
Алексеев Михаил Петрович,178414.0
Алексеев Михаил Сергеевич,83688.0
Алексеев Михаил Сидорович,182931.0
Алексеев Петр Александрович,101136.0
Алексеев Петр Алексеевич,16709.0
Алексеев Петр Васильевич,19729.0
Алексеев Петр Дмитриевич,100082.0
Алексеев Петр Иванович,73255.0
Алексеев Петр Львович,59379.0
Алексеев Петр Михайлович,199001.0
Алексеев Петр Петрович,76485.0
Алексеев Петр Сергеевич,43772.0
Алексеев Петр Сидорович,108651.0
Алексеев Сергей Александрович,41630.0
Алексеев Сергей Алексеевич,73312.0
Алексеев Сергей Васильевич,173886.0
Алексеев Сергей Дмитриевич,87622.0
Алексеев Сергей Иванович,109802.0
Алексеев Сергей Львович,74579.0
Алексеев Сергей Михайлович,173774.0
Алексеев Сергей Петрович,93384.0
Алексеев Сергей Сергеевич,171834.0
Алексеев Сергей Сидорович,133119.0
Алексеев Сидор Александрович,12453.0
Алексеев Сидор Алексеевич,66955.0
Алексеев Сидор Васильевич,114481.0
Алексеев Сидор Дмитриевич,145855.0
Алексеев Сидор Иванович,142139.0
Алексеев Сидор Львович,19772.0
Алексеев Сидор Михайлович,50656.0
Алексеев Сидор Петрович,117733.0
Алексеев Сидор Сергеевич,62827.0
Алексеев Сидор Сидорович,183379.0
Васильев Александр Александрович,76921.0
Васильев Александр Алексеевич,85891.0
Васильев Александр Васильевич,55034.0
Васильев Александр Дмитриевич,163444.0
Васильев Александр Иванович,49839.0
Васильев Александр Львович,60155.0
Васильев Александр Михайлович,171360.0
Васильев Александр Петрович,16467.0
Васильев Александр Сергеевич,136914.0
Васильев Александр Сидорович,120751.0
Васильев Алексей Александрович,112944.0
Васильев Алексей Алексеевич,38685.0
Васильев Алексей Васильевич,77652.0
Васильев Алексей Дмитриевич,109082.0
Васильев Алексей Иванович,179258.0
Васильев Алексей Львович,165470.0
Васильев Алексей Михайлович,153668.0
Васильев Алексей Петрович,43956.0
Васильев Алексей Сергеевич,99798.0
Васильев Алексей Сидорович,17177.0
Васильев Василий Александрович,165497.0
Васильев Василий Алексеевич,155525.0
Васильев Василий Васильевич,70846.0
Васильев Василий Дмитриевич,65085.0
Васильев Василий Иванович,81275.0
Васильев Василий Львович,132628.0
Васильев Василий Михайлович,171091.0
Васильев Василий Петрович,80972.0
Васильев Василий Сергеевич,151401.0
Васильев Василий Сидорович,192361.0
Васильев Дмитрий Александрович,16254.0
Васильев Дмитрий Алексеевич,89483.0
Васильев Дмитрий Васильевич,67833.0
Васильев Дмитрий Дмитриевич,19782.0
Васильев Дмитрий Иванович,123809.0
Васильев Дмитрий Львович,43191.0
Васильев Дмитрий Михайлович,136077.0
Васильев Дмитрий Петрович,21042.0
Васильев Дмитрий Сергеевич,156945.0
Васильев Дмитрий Сидорович,13129.0
Васильев Иван Александрович,85431.0
Васильев Иван Алексеевич,98620.0
Васильев Иван Васильевич,195119.0
Васильев Иван Дмитриевич,12416.0
Васильев Иван Иванович,82010.0
Васильев Иван Львович,189814.0
Васильев Иван Михайлович,23757.0
Васильев Иван Петрович,162751.0
Васильев Иван Сергеевич,163668.0
Васильев Иван Сидорович,174043.0
Васильев Лев Александрович,178181.0
Васильев Лев Алексеевич,163594.0
Васильев Лев Васильевич,41721.0
Васильев Лев Дмитриевич,65351.0
Васильев Лев Иванович,133239.0
Васильев Лев Львович,44708.0
Васильев Лев Михайлович,82238.0
Васильев Лев Петрович,115366.0
Васильев Лев Сергеевич,27501.0
Васильев Лев Сидорович,79308.0
Васильев Михаил Александрович,139527.0
Васильев Михаил Алексеевич,177502.0
Васильев Михаил Васильевич,109562.0
Васильев Михаил Дмитриевич,181729.0
Васильев Михаил Иванович,120718.0
Васильев Михаил Львович,45508.0
Васильев Михаил Михайлович,183206.0
Васильев Михаил Петрович,144598.0
Васильев Михаил Сергеевич,35113.0
Васильев Михаил Сидорович,32827.0
Васильев Петр Александрович,111617.0
Васильев Петр Алексеевич,125382.0
Васильев Петр Васильевич,163579.0
Васильев Петр Дмитриевич,58286.0
Васильев Петр Иванович,24199.0
Васильев Петр Львович,55179.0
Васильев Петр Михайлович,173845.0
Васильев Петр Петрович,120771.0
Васильев Петр Сергеевич,75289.0
Васильев Петр Сидорович,59636.0
Васильев Сергей Александрович,175215.0
Васильев Сергей Алексеевич,69886.0
Васильев Сергей Васильевич,79471.0
Васильев Сергей Дмитриевич,86677.0
Васильев Сергей Иванович,135001.0
Васильев Сергей Львович,157921.0
Васильев Сергей Михайлович,117383.0
Васильев Сергей Петрович,38510.0
Васильев Сергей Сергеевич,136829.0
Васильев Сергей Сидорович,149563.0
Васильев Сидор Александрович,130756.0
Васильев Сидор Алексеевич,126066.0
Васильев Сидор Васильевич,162147.0
Васильев Сидор Дмитриевич,185503.0
Васильев Сидор Иванович,148952.0
Васильев Сидор Львович,105202.0
Васильев Сидор Михайлович,105178.0
Васильев Сидор Петрович,123082.0
Васильев Сидор Сергеевич,182990.0
Васильев Сидор Сидорович,125855.0
Дмитриев Александр Александрович,54374.0
Дмитриев Александр Алексеевич,123287.0
Дмитриев Александр Васильевич,160242.0
Дмитриев Александр Дмитриевич,155451.0
Дмитриев Александр Иванович,79946.0
Дмитриев Александр Львович,43690.0
Дмитриев Александр Михайлович,133500.0
Дмитриев Александр Петрович,58947.0
Дмитриев Александр Сергеевич,156757.0
Дмитриев Александр Сидорович,99422.0
Дмитриев Алексей Александрович,184589.0
Дмитриев Алексей Алексеевич,183574.0
Дмитриев Алексей Васильевич,194934.0
Дмитриев Алексей Дмитриевич,111783.0
Дмитриев Алексей Иванович,37699.0
Дмитриев Алексей Львович,51631.0
Дмитриев Алексей Михайлович,166859.0
Дмитриев Алексей Петрович,67604.0
Дмитриев Алексей Сергеевич,50071.0
Дмитриев Алексей Сидорович,154468.0
Дмитриев Василий Александрович,35045.0
Дмитриев Василий Алексеевич,69019.0
Дмитриев Василий Васильевич,92812.0
Дмитриев Василий Дмитриевич,49661.0
Дмитриев Василий Иванович,171703.0
Дмитриев Василий Львович,160382.0
Дмитриев Василий Михайлович,197304.0
Дмитриев Василий Петрович,55725.0
Дмитриев Василий Сергеевич,129165.0
Дмитриев Василий Сидорович,86528.0
Дмитриев Дмитрий Александрович,160046.0
Дмитриев Дмитрий Алексеевич,139668.0
Дмитриев Дмитрий Васильевич,33490.0
Дмитриев Дмитрий Дмитриевич,37892.0
Дмитриев Дмитрий Иванович,110876.0
Дмитриев Дмитрий Львович,101874.0
Дмитриев Дмитрий Михайлович,115636.0
Дмитриев Дмитрий Петрович,159537.0
Дмитриев Дмитрий Сергеевич,186958.0
Дмитриев Дмитрий Сидорович,123014.0
Дмитриев Иван Александрович,188287.0
Дмитриев Иван Алексеевич,190763.0
Дмитриев Иван Васильевич,20361.0
Дмитриев Иван Дмитриевич,195397.0
Дмитриев Иван Иванович,113595.0
Дмитриев Иван Львович,91038.0
Дмитриев Иван Михайлович,78392.0
Дмитриев Иван Петрович,31662.0
Дмитриев Иван Сергеевич,114465.0
Дмитриев Иван Сидорович,95342.0
Дмитриев Лев Александрович,178089.0
Дмитриев Лев Алексеевич,33539.0
Дмитриев Лев Васильевич,111590.0
Дмитриев Лев Дмитриевич,98671.0
Дмитриев Лев Иванович,147662.0
Дмитриев Лев Львович,10266.0
Дмитриев Лев Михайлович,54722.0
Дмитриев Лев Петрович,138419.0
Дмитриев Лев Сергеевич,139478.0
Дмитриев Лев Сидорович,190244.0
Дмитриев Михаил Александрович,183953.0
Дмитриев Михаил Алексеевич,71258.0
Дмитриев Михаил Васильевич,126439.0
Дмитриев Михаил Дмитриевич,16707.0
Дмитриев Михаил Иванович,83497.0
Дмитриев Михаил Львович,111575.0
Дмитриев Михаил Михайлович,30022.0
Дмитриев Михаил Петрович,112355.0
Дмитриев Михаил Сергеевич,199709.0
Дмитриев Михаил Сидорович,137511.0
Дмитриев Петр Александрович,153785.0
Дмитриев Петр Алексеевич,128262.0
Дмитриев Петр Васильевич,60957.0
Дмитриев Петр Дмитриевич,162750.0
Дмитриев Петр Иванович,132849.0
Дмитриев Петр Львович,179075.0
Дмитриев Петр Михайлович,40839.0
Дмитриев Петр Петрович,127484.0
Дмитриев Петр Сергеевич,86822.0
Дмитриев Петр Сидорович,128062.0
Дмитриев Сергей Александрович,92399.0
Дмитриев Сергей Алексеевич,54244.0
Дмитриев Сергей Васильевич,157978.0
Дмитриев Сергей Дмитриевич,127129.0
Дмитриев Сергей Иванович,72300.0
Дмитриев Сергей Львович,65012.0
Дмитриев Сергей Михайлович,184081.0
Дмитриев Сергей Петрович,168319.0
Дмитриев Сергей Сергеевич,116375.0
Дмитриев Сергей Сидорович,133234.0
Дмитриев Сидор Александрович,58018.0
Дмитриев Сидор Алексеевич,147466.0
Дмитриев Сидор Васильевич,12640.0
Дмитриев Сидор Дмитриевич,130210.0
Дмитриев Сидор Иванович,66365.0
Дмитриев Сидор Львович,11623.0
Дмитриев Сидор Михайлович,165626.0
Дмитриев Сидор Петрович,74167.0
Дмитриев Сидор Сергеевич,133697.0
Дмитриев Сидор Сидорович,54105.0
Иванов Александр Александрович,93898.0
Иванов Александр Алексеевич,175060.0
Иванов Александр Васильевич,196624.0
Иванов Александр Дмитриевич,124877.0
Иванов Александр Иванович,66499.0
Иванов Александр Львович,154976.0
Иванов Александр Михайлович,161566.0
Иванов Александр Петрович,183978.0
Иванов Александр Сергеевич,176918.0
Иванов Александр Сидорович,89358.0
Иванов Алексей Александрович,119048.0
Иванов Алексей Алексеевич,28396.0
Иванов Алексей Васильевич,45001.0
Иванов Алексей Дмитриевич,194106.0
Иванов Алексей Иванович,139446.0
Иванов Алексей Львович,84413.0
Иванов Алексей Михайлович,126754.0
Иванов Алексей Петрович,72559.0
Иванов Алексей Сергеевич,93510.0
Иванов Алексей Сидорович,27043.0
Иванов Василий Александрович,123959.0
Иванов Василий Алексеевич,64500.0
Иванов Василий Васильевич,65951.0
Иванов Василий Дмитриевич,164573.0
Иванов Василий Иванович,129691.0
Иванов Василий Львович,131771.0
Иванов Василий Михайлович,173011.0
Иванов Василий Петрович,120068.0
Иванов Василий Сергеевич,177381.0
Иванов Василий Сидорович,61700.0
Иванов Дмитрий Александрович,84333.0
Иванов Дмитрий Алексеевич,158117.0
Иванов Дмитрий Васильевич,50803.0
Иванов Дмитрий Дмитриевич,71650.0
Иванов Дмитрий Иванович,74066.0
Иванов Дмитрий Львович,22041.0
Иванов Дмитрий Михайлович,73859.0
Иванов Дмитрий Петрович,173286.0
Иванов Дмитрий Сергеевич,107799.0
Иванов Дмитрий Сидорович,73970.0
Иванов Иван Александрович,174803.0
Иванов Иван Алексеевич,165304.0
Иванов Иван Васильевич,77516.0
Иванов Иван Дмитриевич,17764.0
Иванов Иван Иванович,42721.0
Иванов Иван Львович,164208.0
Иванов Иван Михайлович,109875.0
Иванов Иван Петрович,15008.0
Иванов Иван Сергеевич,25228.0
Иванов Иван Сидорович,43098.0
Иванов Лев Александрович,149183.0
Иванов Лев Алексеевич,17116.0
Иванов Лев Васильевич,22830.0
Иванов Лев Дмитриевич,179398.0
Иванов Лев Иванович,165654.0
Иванов Лев Львович,132223.0
Иванов Лев Михайлович,77978.0
Иванов Лев Петрович,129582.0
Иванов Лев Сергеевич,80029.0
Иванов Лев Сидорович,54032.0
Иванов Михаил Александрович,49487.0
Иванов Михаил Алексеевич,174203.0
Иванов Михаил Васильевич,38326.0
Иванов Михаил Дмитриевич,105958.0
Иванов Михаил Иванович,174725.0
Иванов Михаил Львович,194604.0
Иванов Михаил Михайлович,182202.0
Иванов Михаил Петрович,145867.0
Иванов Михаил Сергеевич,101796.0
Иванов Михаил Сидорович,97373.0
Иванов Петр Александрович,181437.0
Иванов Петр Алексеевич,25177.0
Иванов Петр Васильевич,161293.0
Иванов Петр Дмитриевич,70986.0
Иванов Петр Иванович,39860.0
Иванов Петр Львович,44110.0
Иванов Петр Михайлович,169034.0
Иванов Петр Петрович,118702.0
Иванов Петр Сергеевич,94970.0
Иванов Петр Сидорович,91925.0
Иванов Сергей Александрович,112526.0
Иванов Сергей Алексеевич,43604.0
Иванов Сергей Васильевич,42110.0
Иванов Сергей Дмитриевич,136447.0
Иванов Сергей Иванович,59606.0
Иванов Сергей Львович,150878.0
Иванов Сергей Михайлович,140953.0
Иванов Сергей Петрович,181013.0
Иванов Сергей Сергеевич,98342.0
Иванов Сергей Сидорович,187900.0
Иванов Сидор Александрович,150005.0
Иванов Сидор Алексеевич,109132.0
Иванов Сидор Васильевич,183140.0
Иванов Сидор Дмитриевич,190361.0
Иванов Сидор Иванович,56359.0
Иванов Сидор Львович,113838.0
Иванов Сидор Михайлович,165403.0
Иванов Сидор Петрович,143403.0
Иванов Сидор Сергеевич,86641.0
Иванов Сидор Сидорович,195686.0
Львов Александр Александрович,54517.0
Львов Александр Алексеевич,142395.0
Львов Александр Васильевич,79784.0
Львов Александр Дмитриевич,55678.0
Львов Александр Иванович,58137.0
Львов Александр Львович,65119.0
Львов Александр Михайлович,94897.0
Львов Александр Петрович,34750.0
Львов Александр Сергеевич,163580.0
Львов Александр Сидорович,149787.0
Львов Алексей Александрович,149262.0
Львов Алексей Алексеевич,106678.0
Львов Алексей Васильевич,78634.0
Львов Алексей Дмитриевич,44372.0
Львов Алексей Иванович,127050.0
Львов Алексей Львович,114344.0
Львов Алексей Михайлович,81987.0
Львов Алексей Петрович,73176.0
Львов Алексей Сергеевич,87644.0
Львов Алексей Сидорович,33669.0
Львов Василий Александрович,129760.0
Львов Василий Алексеевич,93967.0
Львов Василий Васильевич,66549.0
Львов Василий Дмитриевич,194288.0
Львов Василий Иванович,11028.0
Львов Василий Львович,116020.0
Львов Василий Михайлович,119211.0
Львов Василий Петрович,95553.0
Львов Василий Сергеевич,178931.0
Львов Василий Сидорович,64343.0
Львов Дмитрий Александрович,161786.0
Львов Дмитрий Алексеевич,107133.0
Львов Дмитрий Васильевич,162936.0
Львов Дмитрий Дмитриевич,76612.0
Львов Дмитрий Иванович,148082.0
Львов Дмитрий Львович,154654.0
Львов Дмитрий Михайлович,124136.0
Львов Дмитрий Петрович,100473.0
Львов Дмитрий Сергеевич,19335.0
Львов Дмитрий Сидорович,187468.0
Львов Иван Александрович,27657.0
Львов Иван Алексеевич,189416.0
Львов Иван Васильевич,114862.0
Львов Иван Дмитриевич,22493.0
Львов Иван Иванович,161100.0
Львов Иван Львович,118436.0
Львов Иван Михайлович,28092.0
Львов Иван Петрович,192072.0
Львов Иван Сергеевич,115282.0
Львов Иван Сидорович,126655.0
Львов Лев Александрович,71216.0
Львов Лев Алексеевич,17389.0
Львов Лев Васильевич,128871.0
Львов Лев Дмитриевич,154979.0
Львов Лев Иванович,190843.0
Львов Лев Львович,199311.0
Львов Лев Михайлович,92355.0
Львов Лев Петрович,67875.0
Львов Лев Сергеевич,89373.0
Львов Лев Сидорович,31628.0
Львов Михаил Александрович,96283.0
Львов Михаил Алексеевич,147671.0
Львов Михаил Васильевич,152677.0
Львов Михаил Дмитриевич,89810.0
Львов Михаил Иванович,99059.0
Львов Михаил Львович,177726.0
Львов Михаил Михайлович,161987.0
Львов Михаил Петрович,114683.0
Львов Михаил Сергеевич,155139.0
Львов Михаил Сидорович,156248.0
Львов Петр Александрович,144304.0
Львов Петр Алексеевич,52945.0
Львов Петр Васильевич,78067.0
Львов Петр Дмитриевич,50286.0
Львов Петр Иванович,173375.0
Львов Петр Львович,48175.0
Львов Петр Михайлович,87407.0
Львов Петр Петрович,56915.0
Львов Петр Сергеевич,150891.0
Львов Петр Сидорович,58242.0
Львов Сергей Александрович,182246.0
Львов Сергей Алексеевич,13803.0
Львов Сергей Васильевич,131681.0
Львов Сергей Дмитриевич,38382.0
Львов Сергей Иванович,68000.0
Львов Сергей Львович,63066.0
Львов Сергей Михайлович,44543.0
Львов Сергей Петрович,183061.0
Львов Сергей Сергеевич,192412.0
Львов Сергей Сидорович,187440.0
Львов Сидор Александрович,86091.0
Львов Сидор Алексеевич,85555.0
Львов Сидор Васильевич,107973.0
Львов Сидор Дмитриевич,196459.0
Львов Сидор Иванович,17970.0
Львов Сидор Львович,91112.0
Львов Сидор Михайлович,52776.0
Львов Сидор Петрович,137211.0
Львов Сидор Сергеевич,139781.0
Львов Сидор Сидорович,62946.0
Михайлов Александр Александрович,31515.0
Михайлов Александр Алексеевич,15769.0
Михайлов Александр Васильевич,106788.0
Михайлов Александр Дмитриевич,193661.0
Михайлов Александр Иванович,42543.0
Михайлов Александр Львович,169835.0
Михайлов Александр Михайлович,23442.0
Михайлов Александр Петрович,121372.0
Михайлов Александр Сергеевич,36766.0
Михайлов Александр Сидорович,155657.0
Михайлов Алексей Александрович,165619.0
Михайлов Алексей Алексеевич,29938.0
Михайлов Алексей Васильевич,142869.0
Михайлов Алексей Дмитриевич,66593.0
Михайлов Алексей Иванович,190978.0
Михайлов Алексей Львович,191527.0
Михайлов Алексей Михайлович,33304.0
Михайлов Алексей Петрович,192491.0
Михайлов Алексей Сергеевич,140814.0
Михайлов Алексей Сидорович,192984.0
Михайлов Василий Александрович,75757.0
Михайлов Василий Алексеевич,153823.0
Михайлов Василий Васильевич,110128.0
Михайлов Василий Дмитриевич,111162.0
Михайлов Василий Иванович,41200.0
Михайлов Василий Львович,44147.0
Михайлов Василий Михайлович,31983.0
Михайлов Василий Петрович,63435.0
Михайлов Василий Сергеевич,14955.0
Михайлов Василий Сидорович,198918.0
Михайлов Дмитрий Александрович,64866.0
Михайлов Дмитрий Алексеевич,82067.0
Михайлов Дмитрий Васильевич,126332.0
Михайлов Дмитрий Дмитриевич,20585.0
Михайлов Дмитрий Иванович,139753.0
Михайлов Дмитрий Львович,136764.0
Михайлов Дмитрий Михайлович,89443.0
Михайлов Дмитрий Петрович,31527.0
Михайлов Дмитрий Сергеевич,171608.0
Михайлов Дмитрий Сидорович,157929.0
Михайлов Иван Александрович,192922.0
Михайлов Иван Алексеевич,164224.0
Михайлов Иван Васильевич,76058.0
Михайлов Иван Дмитриевич,49557.0
Михайлов Иван Иванович,67885.0
Михайлов Иван Львович,187280.0
Михайлов Иван Михайлович,124394.0
Михайлов Иван Петрович,173606.0
Михайлов Иван Сергеевич,150527.0
Михайлов Иван Сидорович,65961.0
Михайлов Лев Александрович,110883.0
Михайлов Лев Алексеевич,135423.0
Михайлов Лев Васильевич,14284.0
Михайлов Лев Дмитриевич,104134.0
Михайлов Лев Иванович,127496.0
Михайлов Лев Львович,17382.0
Михайлов Лев Михайлович,124856.0
Михайлов Лев Петрович,194116.0
Михайлов Лев Сергеевич,94249.0
Михайлов Лев Сидорович,153069.0
Михайлов Михаил Александрович,21941.0
Михайлов Михаил Алексеевич,42629.0
Михайлов Михаил Васильевич,198026.0
Михайлов Михаил Дмитриевич,173583.0
Михайлов Михаил Иванович,112613.0
Михайлов Михаил Львович,172810.0
Михайлов Михаил Михайлович,114059.0
Михайлов Михаил Петрович,16804.0
Михайлов Михаил Сергеевич,28258.0
Михайлов Михаил Сидорович,167566.0
Михайлов Петр Александрович,95816.0
Михайлов Петр Алексеевич,71768.0
Михайлов Петр Васильевич,77589.0
Михайлов Петр Дмитриевич,107916.0
Михайлов Петр Иванович,63073.0
Михайлов Петр Львович,123325.0
Михайлов Петр Михайлович,123770.0
Михайлов Петр Петрович,104565.0
Михайлов Петр Сергеевич,32889.0
Михайлов Петр Сидорович,103365.0
Михайлов Сергей Александрович,131755.0
Михайлов Сергей Алексеевич,93757.0
Михайлов Сергей Васильевич,177263.0
Михайлов Сергей Дмитриевич,104165.0
Михайлов Сергей Иванович,67020.0
Михайлов Сергей Львович,28948.0
Михайлов Сергей Михайлович,192388.0
Михайлов Сергей Петрович,139704.0
Михайлов Сергей Сергеевич,197175.0
Михайлов Сергей Сидорович,119015.0
Михайлов Сидор Александрович,38968.0
Михайлов Сидор Алексеевич,145237.0
Михайлов Сидор Васильевич,138171.0
Михайлов Сидор Дмитриевич,24902.0
Михайлов Сидор Иванович,35588.0
Михайлов Сидор Львович,152167.0
Михайлов Сидор Михайлович,159830.0
Михайлов Сидор Петрович,105201.0
Михайлов Сидор Сергеевич,59994.0
Михайлов Сидор Сидорович,84634.0
Петров Александр Александрович,177853.0
Петров Александр Алексеевич,184355.0
Петров Александр Васильевич,181145.0
Петров Александр Дмитриевич,75794.0
Петров Александр Иванович,58276.0
Петров Александр Львович,29023.0
Петров Александр Михайлович,164270.0
Петров Александр Петрович,26776.0
Петров Александр Сергеевич,141110.0
Петров Александр Сидорович,192491.0
Петров Алексей Александрович,89665.0
Петров Алексей Алексеевич,156749.0
Петров Алексей Васильевич,145737.0
Петров Алексей Дмитриевич,165164.0
Петров Алексей Иванович,166053.0
Петров Алексей Львович,176937.0
Петров Алексей Михайлович,123300.0
Петров Алексей Петрович,98470.0
Петров Алексей Сергеевич,74849.0
Петров Алексей Сидорович,88895.0
Петров Василий Александрович,112363.0
Петров Василий Алексеевич,181938.0
Петров Василий Васильевич,123594.0
Петров Василий Дмитриевич,111563.0
Петров Василий Иванович,129895.0
Петров Василий Львович,64801.0
Петров Василий Михайлович,13112.0
Петров Василий Петрович,105235.0
Петров Василий Сергеевич,68759.0
Петров Василий Сидорович,181034.0
Петров Дмитрий Александрович,15209.0
Петров Дмитрий Алексеевич,60473.0
Петров Дмитрий Васильевич,104795.0
Петров Дмитрий Дмитриевич,63179.0
Петров Дмитрий Иванович,166122.0
Петров Дмитрий Львович,18442.0
Петров Дмитрий Михайлович,31272.0
Петров Дмитрий Петрович,173613.0
Петров Дмитрий Сергеевич,72744.0
Петров Дмитрий Сидорович,148179.0
Петров Иван Александрович,18278.0
Петров Иван Алексеевич,173381.0
Петров Иван Васильевич,169243.0
Петров Иван Дмитриевич,23546.0
Петров Иван Иванович,155294.0
Петров Иван Львович,181800.0
Петров Иван Михайлович,170987.0
Петров Иван Петрович,166463.0
Петров Иван Сергеевич,33491.0
Петров Иван Сидорович,84790.0
Петров Лев Александрович,16868.0
Петров Лев Алексеевич,63488.0
Петров Лев Васильевич,140566.0
Петров Лев Дмитриевич,49464.0
Петров Лев Иванович,144684.0
Петров Лев Львович,28125.0
Петров Лев Михайлович,87694.0
Петров Лев Петрович,155604.0
Петров Лев Сергеевич,193927.0
Петров Лев Сидорович,172572.0
Петров Михаил Александрович,157592.0
Петров Михаил Алексеевич,121682.0
Петров Михаил Васильевич,140160.0
Петров Михаил Дмитриевич,85365.0
Петров Михаил Иванович,35953.0
Петров Михаил Львович,82553.0
Петров Михаил Михайлович,67169.0
Петров Михаил Петрович,192170.0
Петров Михаил Сергеевич,188307.0
Петров Михаил Сидорович,115601.0
Петров Петр Александрович,183919.0
Петров Петр Алексеевич,11021.0
Петров Петр Васильевич,164844.0
Петров Петр Дмитриевич,102914.0
Петров Петр Иванович,130389.0
Петров Петр Львович,48636.0
Петров Петр Михайлович,189861.0
Петров Петр Петрович,176824.0
Петров Петр Сергеевич,14278.0
Петров Петр Сидорович,168047.0
Петров Сергей Александрович,108703.0
Петров Сергей Алексеевич,148398.0
Петров Сергей Васильевич,186958.0
Петров Сергей Дмитриевич,82359.0
Петров Сергей Иванович,100175.0
Петров Сергей Львович,181279.0
Петров Сергей Михайлович,61937.0
Петров Сергей Петрович,16678.0
Петров Сергей Сергеевич,106676.0
Петров Сергей Сидорович,70639.0
Петров Сидор Александрович,16198.0
Петров Сидор Алексеевич,27358.0
Петров Сидор Васильевич,176250.0
Петров Сидор Дмитриевич,40311.0
Петров Сидор Иванович,38643.0
Петров Сидор Львович,16000.0
Петров Сидор Михайлович,107478.0
Петров Сидор Петрович,10834.0
Петров Сидор Сергеевич,81767.0
Петров Сидор Сидорович,193771.0
Сергеев Александр Александрович,99886.0
Сергеев Александр Алексеевич,32662.0
Сергеев Александр Васильевич,124311.0
Сергеев Александр Дмитриевич,75256.0
Сергеев Александр Иванович,128256.0
Сергеев Александр Львович,76432.0
Сергеев Александр Михайлович,154595.0
Сергеев Александр Петрович,199386.0
Сергеев Александр Сергеевич,38085.0
Сергеев Александр Сидорович,166447.0
Сергеев Алексей Александрович,68373.0
Сергеев Алексей Алексеевич,133198.0
Сергеев Алексей Васильевич,28543.0
Сергеев Алексей Дмитриевич,19496.0
Сергеев Алексей Иванович,114165.0
Сергеев Алексей Львович,77547.0
Сергеев Алексей Михайлович,75721.0
Сергеев Алексей Петрович,137518.0
Сергеев Алексей Сергеевич,134096.0
Сергеев Алексей Сидорович,130415.0
Сергеев Василий Александрович,102873.0
Сергеев Василий Алексеевич,124161.0
Сергеев Василий Васильевич,70361.0
Сергеев Василий Дмитриевич,163141.0
Сергеев Василий Иванович,17757.0
Сергеев Василий Львович,121348.0
Сергеев Василий Михайлович,197250.0
Сергеев Василий Петрович,132823.0
Сергеев Василий Сергеевич,92101.0
Сергеев Василий Сидорович,122132.0
Сергеев Дмитрий Александрович,144464.0
Сергеев Дмитрий Алексеевич,194111.0
Сергеев Дмитрий Васильевич,22012.0
Сергеев Дмитрий Дмитриевич,100988.0
Сергеев Дмитрий Иванович,148421.0
Сергеев Дмитрий Львович,47760.0
Сергеев Дмитрий Михайлович,17095.0
Сергеев Дмитрий Петрович,70543.0
Сергеев Дмитрий Сергеевич,27876.0
Сергеев Дмитрий Сидорович,160851.0
Сергеев Иван Александрович,25317.0
Сергеев Иван Алексеевич,62575.0
Сергеев Иван Васильевич,54076.0
Сергеев Иван Дмитриевич,191013.0
Сергеев Иван Иванович,13907.0
Сергеев Иван Львович,43957.0
Сергеев Иван Михайлович,14872.0
Сергеев Иван Петрович,54967.0
Сергеев Иван Сергеевич,174899.0
Сергеев Иван Сидорович,138242.0
Сергеев Лев Александрович,177407.0
Сергеев Лев Алексеевич,199286.0
Сергеев Лев Васильевич,35582.0
Сергеев Лев Дмитриевич,32266.0
Сергеев Лев Иванович,198698.0
Сергеев Лев Львович,114858.0
Сергеев Лев Михайлович,182248.0
Сергеев Лев Петрович,119059.0
Сергеев Лев Сергеевич,164855.0
Сергеев Лев Сидорович,99758.0
Сергеев Михаил Александрович,94882.0
Сергеев Михаил Алексеевич,131950.0
Сергеев Михаил Васильевич,126743.0
Сергеев Михаил Дмитриевич,99665.0
Сергеев Михаил Иванович,41495.0
Сергеев Михаил Львович,198693.0
Сергеев Михаил Михайлович,197558.0
Сергеев Михаил Петрович,146962.0
Сергеев Михаил Сергеевич,55693.0
Сергеев Михаил Сидорович,62553.0
Сергеев Петр Александрович,27655.0
Сергеев Петр Алексеевич,66989.0
Сергеев Петр Васильевич,110809.0
Сергеев Петр Дмитриевич,175373.0
Сергеев Петр Иванович,57456.0
Сергеев Петр Львович,85019.0
Сергеев Петр Михайлович,97003.0
Сергеев Петр Петрович,19389.0
Сергеев Петр Сергеевич,138255.0
Сергеев Петр Сидорович,108533.0
Сергеев Сергей Александрович,54525.0
Сергеев Сергей Алексеевич,175654.0
Сергеев Сергей Васильевич,181624.0
Сергеев Сергей Дмитриевич,182039.0
Сергеев Сергей Иванович,181518.0
Сергеев Сергей Львович,94633.0
Сергеев Сергей Михайлович,30502.0
Сергеев Сергей Петрович,68109.0
Сергеев Сергей Сергеевич,127779.0
Сергеев Сергей Сидорович,154332.0
Сергеев Сидор Александрович,123896.0
Сергеев Сидор Алексеевич,193048.0
Сергеев Сидор Васильевич,130587.0
Сергеев Сидор Дмитриевич,102580.0
Сергеев Сидор Иванович,88867.0
Сергеев Сидор Львович,13462.0
Сергеев Сидор Михайлович,189156.0
Сергеев Сидор Петрович,14335.0
Сергеев Сидор Сергеевич,96425.0
Сергеев Сидор Сидорович,167482.0
Сидоров Александр Александрович,73132.0
Сидоров Александр Алексеевич,172286.0
Сидоров Александр Васильевич,42485.0
Сидоров Александр Дмитриевич,14323.0
Сидоров Александр Иванович,126331.0
Сидоров Александр Львович,161060.0
Сидоров Александр Михайлович,113003.0
Сидоров Александр Петрович,66150.0
Сидоров Александр Сергеевич,106443.0
Сидоров Александр Сидорович,98548.0
Сидоров Алексей Александрович,160582.0
Сидоров Алексей Алексеевич,146560.0
Сидоров Алексей Васильевич,113613.0
Сидоров Алексей Дмитриевич,103644.0
Сидоров Алексей Иванович,192301.0
Сидоров Алексей Львович,184023.0
Сидоров Алексей Михайлович,167697.0
Сидоров Алексей Петрович,166532.0
Сидоров Алексей Сергеевич,170541.0
Сидоров Алексей Сидорович,176103.0
Сидоров Василий Александрович,156364.0
Сидоров Василий Алексеевич,56518.0
Сидоров Василий Васильевич,51036.0
Сидоров Василий Дмитриевич,185872.0
Сидоров Василий Иванович,63629.0
Сидоров Василий Львович,44233.0
Сидоров Василий Михайлович,149096.0
Сидоров Василий Петрович,90299.0
Сидоров Василий Сергеевич,79348.0
Сидоров Василий Сидорович,166497.0
Сидоров Дмитрий Александрович,142365.0
Сидоров Дмитрий Алексеевич,106754.0
Сидоров Дмитрий Васильевич,12105.0
Сидоров Дмитрий Дмитриевич,76932.0
Сидоров Дмитрий Иванович,193657.0
Сидоров Дмитрий Львович,67344.0
Сидоров Дмитрий Михайлович,143940.0
Сидоров Дмитрий Петрович,123937.0
Сидоров Дмитрий Сергеевич,23237.0
Сидоров Дмитрий Сидорович,75261.0
Сидоров Иван Александрович,74017.0
Сидоров Иван Алексеевич,92899.0
Сидоров Иван Васильевич,15782.0
Сидоров Иван Дмитриевич,98021.0
Сидоров Иван Иванович,108948.0
Сидоров Иван Львович,166811.0
Сидоров Иван Михайлович,39126.0
Сидоров Иван Петрович,166545.0
Сидоров Иван Сергеевич,53393.0
Сидоров Иван Сидорович,148506.0
Сидоров Лев Александрович,153404.0
Сидоров Лев Алексеевич,176862.0
Сидоров Лев Васильевич,91388.0
Сидоров Лев Дмитриевич,36979.0
Сидоров Лев Иванович,174056.0
Сидоров Лев Львович,21626.0
Сидоров Лев Михайлович,102670.0
Сидоров Лев Петрович,125859.0
Сидоров Лев Сергеевич,110377.0
Сидоров Лев Сидорович,83300.0
Сидоров Михаил Александрович,49259.0
Сидоров Михаил Алексеевич,73301.0
Сидоров Михаил Васильевич,166155.0
Сидоров Михаил Дмитриевич,146055.0
Сидоров Михаил Иванович,22048.0
Сидоров Михаил Львович,139226.0
Сидоров Михаил Михайлович,142921.0
Сидоров Михаил Петрович,156497.0
Сидоров Михаил Сергеевич,22263.0
Сидоров Михаил Сидорович,168883.0
Сидоров Петр Александрович,39828.0
Сидоров Петр Алексеевич,153590.0
Сидоров Петр Васильевич,108453.0
Сидоров Петр Дмитриевич,153598.0
Сидоров Петр Иванович,141087.0
Сидоров Петр Львович,99825.0
Сидоров Петр Михайлович,40895.0
Сидоров Петр Петрович,37846.0
Сидоров Петр Сергеевич,142875.0
Сидоров Петр Сидорович,62720.0
Сидоров Сергей Александрович,132110.0
Сидоров Сергей Алексеевич,157701.0
Сидоров Сергей Васильевич,60355.0
Сидоров Сергей Дмитриевич,71977.0
Сидоров Сергей Иванович,134007.0
Сидоров Сергей Львович,59678.0
Сидоров Сергей Михайлович,18146.0
Сидоров Сергей Петрович,33520.0
Сидоров Сергей Сергеевич,52289.0
Сидоров Сергей Сидорович,193932.0
Сидоров Сидор Александрович,195189.0
Сидоров Сидор Алексеевич,76605.0
Сидоров Сидор Васильевич,187825.0
Сидоров Сидор Дмитриевич,27705.0
Сидоров Сидор Иванович,107644.0
Сидоров Сидор Львович,93196.0
Сидоров Сидор Михайлович,153252.0
Сидоров Сидор Петрович,46026.0
Сидоров Сидор Сергеевич,108788.0
Сидоров Сидор Сидорович,130081.0
